Scottsdale,Arizona,94859 Brickson Park Drive,85271,Sports
Houston,Texas,45359 Jana Point,77201,Entertainment
Pensacola,Florida,6 Welch Lane,32520,Restuarant
Kansas City,Kansas,0083 Grayhawk Junction,66160,Entertainment
Dayton,Ohio,8683 Lyons Parkway,45454,Entertainment
New Orleans,Louisiana,491 Oriole Crossing,70183,Museum
Syracuse,New York,87747 Eastlawn Road,13210,Entertainment
Jackson,Mississippi,94742 Nevada Crossing,39216,Museum
Jacksonville,Florida,767 Barby Pass,32277,Restuarant
Los Angeles,California,5 Sachs Pass,90060,Sports
Rochester,New York,319 Holy Cross Park,14683,Restuarant
Cedar Rapids,Iowa,17536 Fulton Park,52410,Entertainment
Young America,Minnesota,6684 Kedzie Center,55551,Park
Arlington,Virginia,75929 New Castle Alley,22234,Museum
Philadelphia,Pennsylvania,3112 Corscot Street,19136,Entertainment
New York City,New York,31040 Lakewood Gardens Parkway,10090,Park
Houston,Texas,036 Stoughton Pass,77245,Entertainment
Atlanta,Georgia,1 Philips Dr,30303,Restaurant
Denver,Colorado,86 Pond Crossing,80217,Park
El Paso,Texas,7918 Briar Crest Junction,88569,Entertainment